<rss version="2.0" xmlns:atom="http://www.w3.org/2005/Atom">
  <channel>
    <title>Practice of Data Science Projects – Categories</title>
    <link>https://wenwangjain.github.io/en/categories/</link>
    <description>Recent content in Categories on Practice of Data Science Projects</description>
    <generator>Hugo -- gohugo.io</generator>
    <language>en</language>
    
	  <atom:link href="https://wenwangjain.github.io/en/categories/index.xml" rel="self" type="application/rss+xml" />
    
    
      
        
      
    
    
  </channel>
</rss>
