<rss version="2.0" xmlns:atom="http://www.w3.org/2005/Atom">
  <channel>
    <title>数据科学实践 – Tags</title>
    <link>https://wenwangjain.github.io/tags/</link>
    <description>Recent content in Tags on 数据科学实践</description>
    <generator>Hugo -- gohugo.io</generator>
    <language>zh-cn</language>
    
	  <atom:link href="https://wenwangjain.github.io/tags/index.xml" rel="self" type="application/rss+xml" />
    
    
      
        
      
    
    
  </channel>
</rss>
